{"cameraMode":{"drawMode":0,"name":"Shaded","section":"Shading Mode"},"sceneLighting":true,"audioPlay":false,"sceneViewState":{"m_AlwaysRefresh":false,"showFog":true,"showSkybox":true,"showFlares":true,"showImageEffects":true,"showParticleSystems":true,"showVisualEffectGraphs":true,"m_FxEnabled":true},"in2DMode":false,"pivot":{"x":-12.417750358581543,"y":-13.276784896850586,"z":32.14248275756836},"rotation":{"x":0.2622707784175873,"y":-0.11463449150323868,"z":0.03137792646884918,"w":0.9576575756072998},"size":40.269432067871097,"orthographic":false}