{"cameraMode":{"drawMode":0,"name":"Shaded","section":"Shading Mode"},"sceneLighting":false,"audioPlay":false,"sceneViewState":{"m_AlwaysRefresh":false,"showFog":true,"showSkybox":false,"showFlares":true,"showImageEffects":true,"showParticleSystems":true,"showVisualEffectGraphs":true,"m_FxEnabled":true},"in2DMode":false,"pivot":{"x":1.0099999904632569,"y":2.7569000720977785,"z":6.853099822998047},"rotation":{"x":0.0941106453537941,"y":-0.20426316559314729,"z":0.019741186872124673,"w":0.9741628766059876},"size":0.1331947147846222,"orthographic":false}